INSERT INTO roles (role_id, name, description) VALUES
 (1, 'ROLE_STUDENT', 'US-01'),
 (2, 'ROLE_LECTURER', 'US-02'),
 (3, 'ROLE_SUPERADMIN', 'US-03'),
 (4, 'ROLE_ADMIN', 'US-04');


INSERT INTO users (user_id,username, password, email, phone, first_name, last_name, avatar, gender, created_at, updated_at, enabled) VALUES
(1,'2022600001', '$2a$10$sxMpuD7bncXVIaYbQ.v99Ogw8LO1r99Et6oDMfoI/UrqUaDjSEJue', 'nguyenminhhoang@gmail.com', '0987654321', 'Minh Hoàng', 'Nguyễn', 'https://cdn-icons-png.flaticon.com/512/3607/3607444.png', 'MALE', NOW(), NOW(), TRUE),
(2,'2022600002', '$2a$10$sxMpuD7bncXVIaYbQ.v99Ogw8LO1r99Et6oDMfoI/UrqUaDjSEJue', 'tranquocbao@gmail.com', '0912345678', 'Quốc Bảo', 'Trần', 'https://cdn-icons-png.flaticon.com/512/3607/3607444.png', 'MALE',  NOW(), NOW(), TRUE),
(3,'2022600003', '$2a$10$sxMpuD7bncXVIaYbQ.v99Ogw8LO1r99Et6oDMfoI/UrqUaDjSEJue', 'phamthanhtrung@gmail.com', '0909123456', 'Thanh Trung', 'Phạm', 'https://cdn-icons-png.flaticon.com/512/3607/3607444.png', 'MALE',NOW(), NOW(), TRUE),
(4,'2022600004', '$2a$10$sxMpuD7bncXVIaYbQ.v99Ogw8LO1r99Et6oDMfoI/UrqUaDjSEJue', 'dangthihongnhung@gmail.com', '0967890123', 'Thị Hồng Nhung', 'Đặng', 'https://cdn-icons-png.flaticon.com/512/3607/3607444.png', 'FEMALE',  NOW(), NOW(), TRUE),
(5,'2022600005','$2a$10$sxMpuD7bncXVIaYbQ.v99Ogw8LO1r99Et6oDMfoI/UrqUaDjSEJue', 'vungochai@gmail.com', '0934567890', 'Ngọc Hải', 'Vũ', 'https://cdn-icons-png.flaticon.com/512/3607/3607444.png', 'MALE',  NOW(), NOW(), TRUE),
(6,'2022600006', '$2a$10$sxMpuD7bncXVIaYbQ.v99Ogw8LO1r99Et6oDMfoI/UrqUaDjSEJue', 'lethanhtung@gmail.com', '0978912345', 'Thanh Tùng', 'Lê', 'https://cdn-icons-png.flaticon.com/512/3607/3607444.png', 'MALE',  NOW(), NOW(), TRUE),
(7,'2022600007', '$2a$10$sxMpuD7bncXVIaYbQ.v99Ogw8LO1r99Et6oDMfoI/UrqUaDjSEJue', 'hoangkimthanh@gmail.com', '0954321987', 'Kim Thành', 'Hoàng', 'https://cdn-icons-png.flaticon.com/512/3607/3607444.png', 'MALE',  NOW(), NOW(), TRUE),
(8,'2022600008', '$2a$10$sxMpuD7bncXVIaYbQ.v99Ogw8LO1r99Et6oDMfoI/UrqUaDjSEJue', 'buithanhhuyen@gmail.com', '0943215678', 'Thanh Huyền', 'Bùi', 'https://cdn-icons-png.flaticon.com/512/3607/3607444.png', 'FEMALE',  NOW(), NOW(), TRUE),
(9,'2022600009', '$2a$10$sxMpuD7bncXVIaYbQ.v99Ogw8LO1r99Et6oDMfoI/UrqUaDjSEJue', 'nguyenmanhcuong@gmail.com', '0925678901', 'Mạnh Cường', 'Nguyễn', 'https://cdn-icons-png.flaticon.com/512/3607/3607444.png', 'MALE',  NOW(), NOW(), TRUE),
(10,'2022600010', '$2a$10$sxMpuD7bncXVIaYbQ.v99Ogw8LO1r99Et6oDMfoI/UrqUaDjSEJue', 'phanduchanh@gmail.com', '0916782345', 'Duy Hạnh', 'Phan', 'https://cdn-icons-png.flaticon.com/512/3607/3607444.png', 'MALE',  NOW(), NOW(), TRUE),
(11,'2022600011', '$2a$10$sxMpuD7bncXVIaYbQ.v99Ogw8LO1r99Et6oDMfoI/UrqUaDjSEJue', 'nguyenvanphong@gmail.com', '0901234567', 'Văn Phong', 'Nguyễn', 'https://cdn-icons-png.flaticon.com/512/3607/3607444.png', 'MALE',  NOW(), NOW(), TRUE),
(12,'2022600012', '$2a$10$sxMpuD7bncXVIaYbQ.v99Ogw8LO1r99Et6oDMfoI/UrqUaDjSEJue', 'trankhanhlinh@gmail.com', '0936789123', 'Khánh Linh', 'Trần', 'https://cdn-icons-png.flaticon.com/512/3607/3607444.png', 'FEMALE',  NOW(), NOW(), TRUE),
(13,'2022600013', '$2a$10$sxMpuD7bncXVIaYbQ.v99Ogw8LO1r99Et6oDMfoI/UrqUaDjSEJue', 'phamthanhdat@gmail.com', '0912340987', 'Thanh Đạt', 'Phạm', 'https://cdn-icons-png.flaticon.com/512/3607/3607444.png', 'MALE',  NOW(), NOW(), TRUE),
(14,'2022600014', '$2a$10$sxMpuD7bncXVIaYbQ.v99Ogw8LO1r99Et6oDMfoI/UrqUaDjSEJue', 'dangthihanh@gmail.com', '0987659012', 'Thị Hạnh', 'Đặng', 'https://cdn-icons-png.flaticon.com/512/3607/3607444.png', 'FEMALE',  NOW(), NOW(), TRUE),
(15,'2022600015', '$2a$10$sxMpuD7bncXVIaYbQ.v99Ogw8LO1r99Et6oDMfoI/UrqUaDjSEJue', 'vungoclong@gmail.com', '0923456789', 'Ngọc Long', 'Vũ', 'https://cdn-icons-png.flaticon.com/512/3607/3607444.png', 'MALE',  NOW(), NOW(), TRUE),
(16,'2022600016', '$2a$10$sxMpuD7bncXVIaYbQ.v99Ogw8LO1r99Et6oDMfoI/UrqUaDjSEJue', 'lethimai@gmail.com', '0976543210', 'Thị Mai', 'Lê', 'https://cdn-icons-png.flaticon.com/512/3607/3607444.png', 'FEMALE',  NOW(), NOW(), TRUE),
(17,'2022600017', '$2a$10$sxMpuD7bncXVIaYbQ.v99Ogw8LO1r99Et6oDMfoI/UrqUaDjSEJue', 'hoangphuongnam@gmail.com', '0910987654', 'Phương Nam', 'Hoàng', 'https://cdn-icons-png.flaticon.com/512/3607/3607444.png', 'MALE',  NOW(), NOW(), TRUE),
(18,'2022600018', '$2a$10$sxMpuD7bncXVIaYbQ.v99Ogw8LO1r99Et6oDMfoI/UrqUaDjSEJue', 'buingocanh@gmail.com', '0945678901', 'Ngọc Anh', 'Bùi', 'https://cdn-icons-png.flaticon.com/512/3607/3607444.png', 'FEMALE',  NOW(), NOW(), TRUE),
(19,'2022600019', '$2a$10$sxMpuD7bncXVIaYbQ.v99Ogw8LO1r99Et6oDMfoI/UrqUaDjSEJue', 'nguyenhoangvu@gmail.com', '0923456780', 'Hoàng Vũ', 'Nguyễn', 'https://cdn-icons-png.flaticon.com/512/3607/3607444.png', 'MALE',  NOW(), NOW(), TRUE),
(20,'2022600020', '$2a$10$sxMpuD7bncXVIaYbQ.v99Ogw8LO1r99Et6oDMfoI/UrqUaDjSEJue', 'phamthithu@gmail.com', '0916789098', 'Thị Thu', 'Phạm', 'https://cdn-icons-png.flaticon.com/512/3607/3607444.png', 'FEMALE',  NOW(), NOW(), TRUE),
(21,'2022600021', '$2a$10$PbuhCXdpHg02RNw64VMKVexfF5Qe0pa31VFec/gTc9tpDCsri4vlq', 'bangyugi@gmail.com', '0918280056', 'Trần Văn', 'Bằng', 'https://cdn-icons-png.flaticon.com/512/3607/3607444.png', 'MALE',  NOW(), NOW(), TRUE);

INSERT INTO user_role(user_id, role_id) VALUES
(1,1), (2,1),(3,1),(5,1),(7,1),(8,1),(9,1),(10,1),(11,1),(12,1),(13,1),(14,1),(16,1),(17,1),(18,1),(19,1),(20,1),
(4,2),(6,2),(15,2);
